{
  "project_info": {
    "project_number": "52739709106",
    "project_id": "notificaton-4",
    "storage_bucket": "notificaton-4.appspot.com"
  },
  "client": [
    {
      "client_info": {
        "mobilesdk_app_id": "1:52739709106:android:38ac2f6fc4d710df9211ab",
        "android_client_info": {
          "package_name": "com.apps.mobilenumbertracker.currentmobiletrackerlocation"
        }
      },
      "oauth_client": [
        {
          "client_id": "52739709106-marpk0il2hecb8rufed6r3chb6ep73b4.apps.googleusercontent.com",
          "client_type": 3
        }
      ],
      "api_key": [
        {
          "current_key": "AIzaSyB6Zy_gFIBhziRk2DMMK0VjXX9pmV0re68"
        }
      ],
      "services": {
        "appinvite_service": {
          "other_platform_oauth_client": [
            {
              "client_id": "52739709106-marpk0il2hecb8rufed6r3chb6ep73b4.apps.googleusercontent.com",
              "client_type": 3
            }
          ]
        }
      }
    },
    {
      "client_info": {
        "mobilesdk_app_id": "1:52739709106:android:f34662a45f6a0e0f9211ab",
        "android_client_info": {
          "package_name": "com.call.flash.free.caller.screen.color.phone.themes"
        }
      },
      "oauth_client": [
        {
          "client_id": "52739709106-marpk0il2hecb8rufed6r3chb6ep73b4.apps.googleusercontent.com",
          "client_type": 3
        }
      ],
      "api_key": [
        {
          "current_key": "AIzaSyB6Zy_gFIBhziRk2DMMK0VjXX9pmV0re68"
        }
      ],
      "services": {
        "appinvite_service": {
          "other_platform_oauth_client": [
            {
              "client_id": "52739709106-marpk0il2hecb8rufed6r3chb6ep73b4.apps.googleusercontent.com",
              "client_type": 3
            }
          ]
        }
      }
    },
    {
      "client_info": {
        "mobilesdk_app_id": "1:52739709106:android:9629795842adfa159211ab",
        "android_client_info": {
          "package_name": "com.gb.gbversionapk.latestgbversion.statussaver.app"
        }
      },
      "oauth_client": [
        {
          "client_id": "52739709106-marpk0il2hecb8rufed6r3chb6ep73b4.apps.googleusercontent.com",
          "client_type": 3
        }
      ],
      "api_key": [
        {
          "current_key": "AIzaSyB6Zy_gFIBhziRk2DMMK0VjXX9pmV0re68"
        }
      ],
      "services": {
        "appinvite_service": {
          "other_platform_oauth_client": [
            {
              "client_id": "52739709106-marpk0il2hecb8rufed6r3chb6ep73b4.apps.googleusercontent.com",
              "client_type": 3
            }
          ]
        }
      }
    },
    {
      "client_info": {
        "mobilesdk_app_id": "1:52739709106:android:58390ebacfb8d0cd9211ab",
        "android_client_info": {
          "package_name": "com.gbversion.gblatestversion.status.saver"
        }
      },
      "oauth_client": [
        {
          "client_id": "52739709106-marpk0il2hecb8rufed6r3chb6ep73b4.apps.googleusercontent.com",
          "client_type": 3
        }
      ],
      "api_key": [
        {
          "current_key": "AIzaSyB6Zy_gFIBhziRk2DMMK0VjXX9pmV0re68"
        }
      ],
      "services": {
        "appinvite_service": {
          "other_platform_oauth_client": [
            {
              "client_id": "52739709106-marpk0il2hecb8rufed6r3chb6ep73b4.apps.googleusercontent.com",
              "client_type": 3
            }
          ]
        }
      }
    },
    {
      "client_info": {
        "mobilesdk_app_id": "1:52739709106:android:2b674b05f0691ba09211ab",
        "android_client_info": {
          "package_name": "com.trueid.callerid.number.tracker.app"
        }
      },
      "oauth_client": [
        {
          "client_id": "52739709106-marpk0il2hecb8rufed6r3chb6ep73b4.apps.googleusercontent.com",
          "client_type": 3
        }
      ],
      "api_key": [
        {
          "current_key": "AIzaSyB6Zy_gFIBhziRk2DMMK0VjXX9pmV0re68"
        }
      ],
      "services": {
        "appinvite_service": {
          "other_platform_oauth_client": [
            {
              "client_id": "52739709106-marpk0il2hecb8rufed6r3chb6ep73b4.apps.googleusercontent.com",
              "client_type": 3
            }
          ]
        }
      }
    },
    {
      "client_info": {
        "mobilesdk_app_id": "1:52739709106:android:95f5822e6d07ad979211ab",
        "android_client_info": {
          "package_name": "com.video.downloader.app.videoplayer.alldownloader"
        }
      },
      "oauth_client": [
        {
          "client_id": "52739709106-marpk0il2hecb8rufed6r3chb6ep73b4.apps.googleusercontent.com",
          "client_type": 3
        }
      ],
      "api_key": [
        {
          "current_key": "AIzaSyB6Zy_gFIBhziRk2DMMK0VjXX9pmV0re68"
        }
      ],
      "services": {
        "appinvite_service": {
          "other_platform_oauth_client": [
            {
              "client_id": "52739709106-marpk0il2hecb8rufed6r3chb6ep73b4.apps.googleusercontent.com",
              "client_type": 3
            }
          ]
        }
      }
    },
    {
      "client_info": {
        "mobilesdk_app_id": "1:52739709106:android:8f6f4a9ff2d473609211ab",
        "android_client_info": {
          "package_name": "com.video.downloader.free.downloader.app"
        }
      },
      "oauth_client": [
        {
          "client_id": "52739709106-marpk0il2hecb8rufed6r3chb6ep73b4.apps.googleusercontent.com",
          "client_type": 3
        }
      ],
      "api_key": [
        {
          "current_key": "AIzaSyB6Zy_gFIBhziRk2DMMK0VjXX9pmV0re68"
        }
      ],
      "services": {
        "appinvite_service": {
          "other_platform_oauth_client": [
            {
              "client_id": "52739709106-marpk0il2hecb8rufed6r3chb6ep73b4.apps.googleusercontent.com",
              "client_type": 3
            }
          ]
        }
      }
    }
  ],
  "configuration_version": "1"
}