{
  "project_info": {
    "project_number": "416060780931",
    "project_id": "ajendra-apps",
    "storage_bucket": "ajendra-apps.appspot.com"
  },
  "client": [
    {
      "client_info": {
        "mobilesdk_app_id": "1:416060780931:android:97679300053968dbb386b6",
        "android_client_info": {
          "package_name": "com.allbankbalancecheck.finance.bankbal"
        }
      },
      "oauth_client": [
        {
          "client_id": "416060780931-pbnvhu4ef3le5t228m5nj94at1t1eihc.apps.googleusercontent.com",
          "client_type": 3
        }
      ],
      "api_key": [
        {
          "current_key": "AIzaSyDKWWzSG7SQYkflERVPkxRptBXyqzqnF8Q"
        }
      ],
      "services": {
        "appinvite_service": {
          "other_platform_oauth_client": [
            {
              "client_id": "416060780931-pbnvhu4ef3le5t228m5nj94at1t1eihc.apps.googleusercontent.com",
              "client_type": 3
            }
          ]
        }
      }
    },
    {
      "client_info": {
        "mobilesdk_app_id": "1:416060780931:android:818d5c8f7fb3bb6eb386b6",
        "android_client_info": {
          "package_name": "com.games.gfxtool.graphicssettings"
        }
      },
      "oauth_client": [
        {
          "client_id": "416060780931-pbnvhu4ef3le5t228m5nj94at1t1eihc.apps.googleusercontent.com",
          "client_type": 3
        }
      ],
      "api_key": [
        {
          "current_key": "AIzaSyDKWWzSG7SQYkflERVPkxRptBXyqzqnF8Q"
        }
      ],
      "services": {
        "appinvite_service": {
          "other_platform_oauth_client": [
            {
              "client_id": "416060780931-pbnvhu4ef3le5t228m5nj94at1t1eihc.apps.googleusercontent.com",
              "client_type": 3
            }
          ]
        }
      }
    },
    {
      "client_info": {
        "mobilesdk_app_id": "1:416060780931:android:229912e3d08ec299b386b6",
        "android_client_info": {
          "package_name": "com.gunskin.bdmi.freepass.roral.gunskinfree"
        }
      },
      "oauth_client": [
        {
          "client_id": "416060780931-pbnvhu4ef3le5t228m5nj94at1t1eihc.apps.googleusercontent.com",
          "client_type": 3
        }
      ],
      "api_key": [
        {
          "current_key": "AIzaSyDKWWzSG7SQYkflERVPkxRptBXyqzqnF8Q"
        }
      ],
      "services": {
        "appinvite_service": {
          "other_platform_oauth_client": [
            {
              "client_id": "416060780931-pbnvhu4ef3le5t228m5nj94at1t1eihc.apps.googleusercontent.com",
              "client_type": 3
            }
          ]
        }
      }
    },
    {
      "client_info": {
        "mobilesdk_app_id": "1:416060780931:android:5a55a1a35e7ef43eb386b6",
        "android_client_info": {
          "package_name": "com.nickname.generatorfor.games.nametool"
        }
      },
      "oauth_client": [
        {
          "client_id": "416060780931-pbnvhu4ef3le5t228m5nj94at1t1eihc.apps.googleusercontent.com",
          "client_type": 3
        }
      ],
      "api_key": [
        {
          "current_key": "AIzaSyDKWWzSG7SQYkflERVPkxRptBXyqzqnF8Q"
        }
      ],
      "services": {
        "appinvite_service": {
          "other_platform_oauth_client": [
            {
              "client_id": "416060780931-pbnvhu4ef3le5t228m5nj94at1t1eihc.apps.googleusercontent.com",
              "client_type": 3
            }
          ]
        }
      }
    },
    {
      "client_info": {
        "mobilesdk_app_id": "1:416060780931:android:ed741f181ce0fccdb386b6",
        "android_client_info": {
          "package_name": "com.photo.video.story.downloader"
        }
      },
      "oauth_client": [
        {
          "client_id": "416060780931-pbnvhu4ef3le5t228m5nj94at1t1eihc.apps.googleusercontent.com",
          "client_type": 3
        }
      ],
      "api_key": [
        {
          "current_key": "AIzaSyDKWWzSG7SQYkflERVPkxRptBXyqzqnF8Q"
        }
      ],
      "services": {
        "appinvite_service": {
          "other_platform_oauth_client": [
            {
              "client_id": "416060780931-pbnvhu4ef3le5t228m5nj94at1t1eihc.apps.googleusercontent.com",
              "client_type": 3
            }
          ]
        }
      }
    },
    {
      "client_info": {
        "mobilesdk_app_id": "1:416060780931:android:b3fd6dff2e543b30b386b6",
        "android_client_info": {
          "package_name": "com.realcash.watch.video.earn.money"
        }
      },
      "oauth_client": [
        {
          "client_id": "416060780931-pbnvhu4ef3le5t228m5nj94at1t1eihc.apps.googleusercontent.com",
          "client_type": 3
        }
      ],
      "api_key": [
        {
          "current_key": "AIzaSyDKWWzSG7SQYkflERVPkxRptBXyqzqnF8Q"
        }
      ],
      "services": {
        "appinvite_service": {
          "other_platform_oauth_client": [
            {
              "client_id": "416060780931-pbnvhu4ef3le5t228m5nj94at1t1eihc.apps.googleusercontent.com",
              "client_type": 3
            }
          ]
        }
      }
    },
    {
      "client_info": {
        "mobilesdk_app_id": "1:416060780931:android:596e7f0f98cadcd9b386b6",
        "android_client_info": {
          "package_name": "com.video.player.for.all.format"
        }
      },
      "oauth_client": [
        {
          "client_id": "416060780931-pbnvhu4ef3le5t228m5nj94at1t1eihc.apps.googleusercontent.com",
          "client_type": 3
        }
      ],
      "api_key": [
        {
          "current_key": "AIzaSyDKWWzSG7SQYkflERVPkxRptBXyqzqnF8Q"
        }
      ],
      "services": {
        "appinvite_service": {
          "other_platform_oauth_client": [
            {
              "client_id": "416060780931-pbnvhu4ef3le5t228m5nj94at1t1eihc.apps.googleusercontent.com",
              "client_type": 3
            }
          ]
        }
      }
    },
    {
      "client_info": {
        "mobilesdk_app_id": "1:416060780931:android:be8dc9f1280c9cb8b386b6",
        "android_client_info": {
          "package_name": "com.whats.tool.latestversion.statussaver"
        }
      },
      "oauth_client": [
        {
          "client_id": "416060780931-pbnvhu4ef3le5t228m5nj94at1t1eihc.apps.googleusercontent.com",
          "client_type": 3
        }
      ],
      "api_key": [
        {
          "current_key": "AIzaSyDKWWzSG7SQYkflERVPkxRptBXyqzqnF8Q"
        }
      ],
      "services": {
        "appinvite_service": {
          "other_platform_oauth_client": [
            {
              "client_id": "416060780931-pbnvhu4ef3le5t228m5nj94at1t1eihc.apps.googleusercontent.com",
              "client_type": 3
            }
          ]
        }
      }
    }
  ],
  "configuration_version": "1"
}